school_id,school,address,city,state,zip,level,year,short_year,latitude,longitude,black,hispanic,white,other
80612,ARTHUR MIDDLETON ELEMENTARY SCHOOL,1109 Copley Avenue,Waldorf,MD,20602,E,2002-2003,02-03,38.6025938,-76.921812,259,30,224,25
80613,BENJAMIN STODDERT MIDDLE SCHOOL,2040 St. Thomas Drive,Waldorf,MD,20602,M,2002-2003,02-03,38.6015661,-76.8975434,393,20,352,25
80622,BERRY ELEMENTARY SCHOOL,10155 Berry Road,Waldorf,MD,20603,E,2002-2003,02-03,38.647895,-76.9595649,358,24,388,56
80620,C. PAUL BARNHART ELEMENTARY SCHOOL,4800 Lancaster Circle,Waldorf,MD,20603,E,2002-2003,02-03,38.6244091,-76.9372322,405,27,242,27
80617,DANIEL OF ST. THOMAS JENIFER ELEMENTARY SCHOOL,2820 Jenifer School Lane,Waldorf,MD,20603,E,2002-2003,02-03,38.633889,-76.9276741,306,22,266,36
80611,DR. GUSTAVUS BROWN ELEMENTARY,421 University Drive,Waldorf,MD,20602,E,2002-2003,02-03,38.5947414,-76.9194692,261,23,239,15
80609,DR. JAMES CRAIK ELEMENTARY SCHOOL,7725 Marshall Corner Road,Pomfret,MD,20675,E,2002-2003,02-03,38.5690967,-77.0302076,99,2,295,11
80604,DR. SAMUEL A. MUDD ELEMENTARY SCHOOL,820 Stone Avenue,Waldorf,MD,20602,E,2002-2003,02-03,38.6081746,-76.9102497,251,12,155,19
80501,DR. THOMAS L. HIGDON ELEMENTARY,12872 Rock Point Road,Newburg,MD,20664,E,2002-2003,02-03,38.3595146,-76.9405281,90,2,295,5
80616,EVA TURNER ELEMENTARY SCHOOL,1000 Bannister Circle,Waldorf,MD,20602,E,2002-2003,02-03,38.5951194,-76.9035827,295,18,139,11
81001,GALE-BAILEY ELEMENTARY SCHOOL,4740 Pisgah-Marbury Road,Marbury,MD,20658,E,2002-2003,02-03,38.5609531,-77.1505342,134,7,249,3
80705,GENERAL SMALLWOOD MIDDLE SCHOOL,4990 Indian Head Highway,Indian Head,MD,20640,M,2002-2003,02-03,38.6028131,-77.1341113,362,11,311,21
81002,HENRY E. LACKEY HIGH SCHOOL,3000 Chicamuxen Road,Indian Head,MD,20640,H,2002-2003,02-03,38.5794444,-77.1276389,645,30,693,38
80710,INDIAN HEAD ELEMENTARY SCHOOL,4200 Indian Head Highway,Indian Head,MD,20640,E,2002-2003,02-03,38.6005716,-77.1663546,244,15,235,22
80703,J. C. PARKS ELEMENTARY SCHOOL,3505 Livingston Road,Indian Head,MD,20640,E,2002-2003,02-03,38.6148405,-77.074977,466,14,406,36
80608,JOHN HANSON MIDDLE SCHOOL,3165 John Hanson Drive,Waldorf,MD,20601,M,2002-2003,02-03,38.6242651,-76.8882182,396,16,592,43
80606,J. P. RYON ELEMENTARY SCHOOL,12140 Vivian Adams Drive,Waldorf,MD,20601,E,2002-2003,02-03,38.6222194,-76.8892106,304,25,323,22
80106,LA PLATA SCHOOL,6035 Radio Station Road,La Plata,MD,20646,H,2002-2003,02-03,38.5462317,-76.9502506,346,16,1091,45
80902,MALCOLM ELEMENTARY SCHOOL,14760 Poplar Hill Road,Waldorf,MD,20601,E,2002-2003,02-03,38.6167858,-76.7974684,153,0,383,19
80109,MARY MATULA ELEMENTARY SCHOOL,6025 Radio Station Road,La Plata,MD,20646,E,2002-2003,02-03,38.5483416,-76.9560313,206,7,372,18
80621,MATTAWOMAN MIDDLE SCHOOL,10145 Berry Road,Waldorf,MD,20603,M,2002-2003,02-03,38.64663,-76.96077,596,24,393,45
80701,MATTHEW HENSON MIDDLE SCHOOL,3535 Livingston Road,Indian Head,MD,20640,M,2002-2003,02-03,38.6140072,-77.0769214,296,17,511,27
80108,MAURICE J. MCDONOUGH HIGH SCHOOL,7165 Marshall Corner Road,Pomfret,MD,20675,H,2002-2003,02-03,38.5557,-77.035146,509,33,798,49
80104,MILTON M. SOMERS MIDDLE SCHOOL,300 Willow Lane,La Plata,MD,20646,M,2002-2003,02-03,38.523887,-76.972715,323,13,690,29
80302,MT HOPE/NANJEMOY ELEMENTARY SCHOOL,9275 Ironsides Road,Nanjemoy,MD,20662,E,2002-2003,02-03,38.4581783,-77.1805341,149,1,158,4
80503,PICCOWAXEN MIDDLE SCHOOL,12834 Rock Point Road,Newburg,MD,20664,M,2002-2003,02-03,38.3617928,-76.9413607,83,2,410,9
80708,ROBERT D. STETHEM EDUCATIONAL CENTER,7775 Marshall Corner Road,Pomfret,MD,20675,O,2002-2003,02-03,38.5703181,-77.0291001,10,0,5,0
80801,T. C. MARTIN ELEMENTARY SCHOOL,6315 Olivers Shop Road,Bryantown,MD,20617,E,2002-2003,02-03,38.5393903,-76.842783,100,8,429,11
80605,THOMAS STONE HIGH SCHOOL,3785 Leonardtown Road,Waldorf,MD,20601,H,2002-2003,02-03,38.6148411,-76.8869156,644,49,1139,73
80105,WALTER J. MITCHELL ELEMENTARY,400 Willow Lane,La Plata,MD,20646,E,2002-2003,02-03,38.5194643,-76.9694544,125,14,539,14
80619,WESTLAKE HIGH SCHOOL,3300 Middletown Road,Waldorf,MD,20603,H,2002-2003,02-03,38.6237294,-76.9669182,669,62,791,75
80618,WILLIAM B. WADE ELEMENTARY SCHOOL,2300 Smallwood Drive West,Waldorf,MD,20603,E,2002-2003,02-03,38.6179674,-76.9467827,250,24,515,38
80612,ARTHUR MIDDLETON ELEMENTARY SCHOOL,1109 Copley Avenue,Waldorf,MD,20602,E,2003-2004,03-04,38.6025938,-76.921812,273,36,248,24
80613,BENJAMIN STODDERT MIDDLE SCHOOL,2040 St. Thomas Drive,Waldorf,MD,20602,M,2003-2004,03-04,38.6015661,-76.8975434,439,24,333,29
80622,BERRY ELEMENTARY SCHOOL,10155 Berry Road,Waldorf,MD,20603,E,2003-2004,03-04,38.647895,-76.9595649,384,22,366,72
80620,C. PAUL BARNHART ELEMENTARY SCHOOL,4800 Lancaster Circle,Waldorf,MD,20603,E,2003-2004,03-04,38.6244091,-76.9372322,420,37,232,32
80617,DANIEL OF ST. THOMAS JENIFER ELEMENTARY SCHOOL,2820 Jenifer School Lane,Waldorf,MD,20603,E,2003-2004,03-04,38.633889,-76.9276741,395,24,225,41
80611,DR. GUSTAVUS BROWN ELEMENTARY,421 University Drive,Waldorf,MD,20602,E,2003-2004,03-04,38.5947414,-76.9194692,278,30,205,11
80609,DR. JAMES CRAIK ELEMENTARY SCHOOL,7725 Marshall Corner Road,Pomfret,MD,20675,E,2003-2004,03-04,38.5690967,-77.0302076,93,4,313,13
80604,DR. SAMUEL A. MUDD ELEMENTARY SCHOOL,820 Stone Avenue,Waldorf,MD,20602,E,2003-2004,03-04,38.6081746,-76.9102497,254,25,140,16
80501,DR. THOMAS L. HIGDON ELEMENTARY,12872 Rock Point Road,Newburg,MD,20664,E,2003-2004,03-04,38.3595146,-76.9405281,66,2,317,9
80616,EVA TURNER ELEMENTARY SCHOOL,1000 Bannister Circle,Waldorf,MD,20602,E,2003-2004,03-04,38.5951194,-76.9035827,330,27,138,9
81001,GALE-BAILEY ELEMENTARY SCHOOL,4740 Pisgah-Marbury Road,Marbury,MD,20658,E,2003-2004,03-04,38.5609531,-77.1505342,142,6,267,2
80705,GENERAL SMALLWOOD MIDDLE SCHOOL,4990 Indian Head Highway,Indian Head,MD,20640,M,2003-2004,03-04,38.6028131,-77.1341113,343,9,313,18
81002,HENRY E. LACKEY HIGH SCHOOL,3000 Chicamuxen Road,Indian Head,MD,20640,H,2003-2004,03-04,38.5794444,-77.1276389,713,34,721,41
80710,INDIAN HEAD ELEMENTARY SCHOOL,4200 Indian Head Highway,Indian Head,MD,20640,E,2003-2004,03-04,38.6005716,-77.1663546,246,20,211,19
80703,J. C. PARKS ELEMENTARY SCHOOL,3505 Livingston Road,Indian Head,MD,20640,E,2003-2004,03-04,38.6148405,-77.074977,516,25,406,34
80608,JOHN HANSON MIDDLE SCHOOL,3165 John Hanson Drive,Waldorf,MD,20601,M,2003-2004,03-04,38.6242651,-76.8882182,393,16,542,38
80606,J. P. RYON ELEMENTARY SCHOOL,12140 Vivian Adams Drive,Waldorf,MD,20601,E,2003-2004,03-04,38.6222194,-76.8892106,351,25,285,17
80106,LA PLATA SCHOOL,6035 Radio Station Road,La Plata,MD,20646,H,2003-2004,03-04,38.5462317,-76.9502506,385,20,1124,47
80902,MALCOLM ELEMENTARY SCHOOL,14760 Poplar Hill Road,Waldorf,MD,20601,E,2003-2004,03-04,38.6167858,-76.7974684,184,9,385,19
80109,MARY MATULA ELEMENTARY SCHOOL,6025 Radio Station Road,La Plata,MD,20646,E,2003-2004,03-04,38.5483416,-76.9560313,206,15,386,19
80621,MATTAWOMAN MIDDLE SCHOOL,10145 Berry Road,Waldorf,MD,20603,M,2003-2004,03-04,38.64663,-76.96077,663,30,335,62
80701,MATTHEW HENSON MIDDLE SCHOOL,3535 Livingston Road,Indian Head,MD,20640,M,2003-2004,03-04,38.6140072,-77.0769214,359,16,489,32
80108,MAURICE J. MCDONOUGH HIGH SCHOOL,7165 Marshall Corner Road,Pomfret,MD,20675,H,2003-2004,03-04,38.5557,-77.035146,532,41,768,47
80104,MILTON M. SOMERS MIDDLE SCHOOL,300 Willow Lane,La Plata,MD,20646,M,2003-2004,03-04,38.523887,-76.972715,361,17,721,32
80302,MT HOPE/NANJEMOY ELEMENTARY SCHOOL,9275 Ironsides Road,Nanjemoy,MD,20662,E,2003-2004,03-04,38.4581783,-77.1805341,140,1,180,1
80503,PICCOWAXEN MIDDLE SCHOOL,12834 Rock Point Road,Newburg,MD,20664,M,2003-2004,03-04,38.3617928,-76.9413607,82,6,412,7
80708,ROBERT D. STETHEM EDUCATIONAL CENTER,7775 Marshall Corner Road,Pomfret,MD,20675,O,2003-2004,03-04,38.5703181,-77.0291001,24,0,29,0
80801,T. C. MARTIN ELEMENTARY SCHOOL,6315 Olivers Shop Road,Bryantown,MD,20617,E,2003-2004,03-04,38.5393903,-76.842783,94,6,479,10
80605,THOMAS STONE HIGH SCHOOL,3785 Leonardtown Road,Waldorf,MD,20601,H,2003-2004,03-04,38.6148411,-76.8869156,720,51,1125,88
80105,WALTER J. MITCHELL ELEMENTARY,400 Willow Lane,La Plata,MD,20646,E,2003-2004,03-04,38.5194643,-76.9694544,105,12,535,14
80619,WESTLAKE HIGH SCHOOL,3300 Middletown Road,Waldorf,MD,20603,H,2003-2004,03-04,38.6237294,-76.9669182,756,70,773,96
80618,WILLIAM B. WADE ELEMENTARY SCHOOL,2300 Smallwood Drive West,Waldorf,MD,20603,E,2003-2004,03-04,38.6179674,-76.9467827,274,22,461,44
80612,ARTHUR MIDDLETON ELEMENTARY SCHOOL,1109 Copley Avenue,Waldorf,MD,20602,E,2004-2005,04-05,38.6025938,-76.921812,313,38,248,30
80613,BENJAMIN STODDERT MIDDLE SCHOOL,2040 St. Thomas Drive,Waldorf,MD,20602,M,2004-2005,04-05,38.6015661,-76.8975434,464,23,284,23
80622,BERRY ELEMENTARY SCHOOL,10155 Berry Road,Waldorf,MD,20603,E,2004-2005,04-05,38.647895,-76.9595649,404,20,355,60
80620,C. PAUL BARNHART ELEMENTARY SCHOOL,4800 Lancaster Circle,Waldorf,MD,20603,E,2004-2005,04-05,38.6244091,-76.9372322,460,38,167,38
80617,DANIEL OF ST. THOMAS JENIFER ELEMENTARY SCHOOL,2820 Jenifer School Lane,Waldorf,MD,20603,E,2004-2005,04-05,38.633889,-76.9276741,397,20,239,47
80611,DR. GUSTAVUS BROWN ELEMENTARY,421 University Drive,Waldorf,MD,20602,E,2004-2005,04-05,38.5947414,-76.9194692,290,24,174,11
80609,DR. JAMES CRAIK ELEMENTARY SCHOOL,7725 Marshall Corner Road,Pomfret,MD,20675,E,2004-2005,04-05,38.5690967,-77.0302076,106,8,305,16
80604,DR. SAMUEL A. MUDD ELEMENTARY SCHOOL,820 Stone Avenue,Waldorf,MD,20602,E,2004-2005,04-05,38.6081746,-76.9102497,280,21,125,11
80501,DR. THOMAS L. HIGDON ELEMENTARY,12872 Rock Point Road,Newburg,MD,20664,E,2004-2005,04-05,38.3595146,-76.9405281,76,3,349,8
80616,EVA TURNER ELEMENTARY SCHOOL,1000 Bannister Circle,Waldorf,MD,20602,E,2004-2005,04-05,38.5951194,-76.9035827,333,29,131,14
81001,GALE-BAILEY ELEMENTARY SCHOOL,4740 Pisgah-Marbury Road,Marbury,MD,20658,E,2004-2005,04-05,38.5609531,-77.1505342,154,5,259,1
80705,GENERAL SMALLWOOD MIDDLE SCHOOL,4990 Indian Head Highway,Indian Head,MD,20640,M,2004-2005,04-05,38.6028131,-77.1341113,338,10,302,19
81002,HENRY E. LACKEY HIGH SCHOOL,3000 Chicamuxen Road,Indian Head,MD,20640,H,2004-2005,04-05,38.5794444,-77.1276389,763,37,773,43
80710,INDIAN HEAD ELEMENTARY SCHOOL,4200 Indian Head Highway,Indian Head,MD,20640,E,2004-2005,04-05,38.6005716,-77.1663546,239,16,191,18
80703,J. C. PARKS ELEMENTARY SCHOOL,3505 Livingston Road,Indian Head,MD,20640,E,2004-2005,04-05,38.6148405,-77.074977,536,44,391,29
80608,JOHN HANSON MIDDLE SCHOOL,3165 John Hanson Drive,Waldorf,MD,20601,M,2004-2005,04-05,38.6242651,-76.8882182,395,17,504,27
80606,J. P. RYON ELEMENTARY SCHOOL,12140 Vivian Adams Drive,Waldorf,MD,20601,E,2004-2005,04-05,38.6222194,-76.8892106,354,22,240,33
80106,LA PLATA SCHOOL,6035 Radio Station Road,La Plata,MD,20646,H,2004-2005,04-05,38.5462317,-76.9502506,423,23,1186,46
80902,MALCOLM ELEMENTARY SCHOOL,14760 Poplar Hill Road,Waldorf,MD,20601,E,2004-2005,04-05,38.6167858,-76.7974684,178,11,372,17
80109,MARY MATULA ELEMENTARY SCHOOL,6025 Radio Station Road,La Plata,MD,20646,E,2004-2005,04-05,38.5483416,-76.9560313,241,24,395,19
80621,MATTAWOMAN MIDDLE SCHOOL,10145 Berry Road,Waldorf,MD,20603,M,2004-2005,04-05,38.64663,-76.96077,695,28,282,66
80701,MATTHEW HENSON MIDDLE SCHOOL,3535 Livingston Road,Indian Head,MD,20640,M,2004-2005,04-05,38.6140072,-77.0769214,404,19,452,40
80108,MAURICE J. MCDONOUGH HIGH SCHOOL,7165 Marshall Corner Road,Pomfret,MD,20675,H,2004-2005,04-05,38.5557,-77.035146,562,42,693,44
80104,MILTON M. SOMERS MIDDLE SCHOOL,300 Willow Lane,La Plata,MD,20646,M,2004-2005,04-05,38.523887,-76.972715,416,33,740,43
80302,MT HOPE/NANJEMOY ELEMENTARY SCHOOL,9275 Ironsides Road,Nanjemoy,MD,20662,E,2004-2005,04-05,38.4581783,-77.1805341,128,2,184,1
80503,PICCOWAXEN MIDDLE SCHOOL,12834 Rock Point Road,Newburg,MD,20664,M,2004-2005,04-05,38.3617928,-76.9413607,82,6,428,4
80708,ROBERT D. STETHEM EDUCATIONAL CENTER,7775 Marshall Corner Road,Pomfret,MD,20675,O,2004-2005,04-05,38.5703181,-77.0291001,28,0,11,0
80801,T. C. MARTIN ELEMENTARY SCHOOL,6315 Olivers Shop Road,Bryantown,MD,20617,E,2004-2005,04-05,38.5393903,-76.842783,105,9,490,10
80605,THOMAS STONE HIGH SCHOOL,3785 Leonardtown Road,Waldorf,MD,20601,H,2004-2005,04-05,38.6148411,-76.8869156,834,69,1106,100
80105,WALTER J. MITCHELL ELEMENTARY,400 Willow Lane,La Plata,MD,20646,E,2004-2005,04-05,38.5194643,-76.9694544,96,11,471,22
80619,WESTLAKE HIGH SCHOOL,3300 Middletown Road,Waldorf,MD,20603,H,2004-2005,04-05,38.6237294,-76.9669182,881,58,749,102
80618,WILLIAM B. WADE ELEMENTARY SCHOOL,2300 Smallwood Drive West,Waldorf,MD,20603,E,2004-2005,04-05,38.6179674,-76.9467827,296,31,429,47
80612,ARTHUR MIDDLETON ELEMENTARY SCHOOL,1109 Copley Avenue,Waldorf,MD,20602,E,2005-2006,05-06,38.6025938,-76.921812,354,37,199,28
80613,BENJAMIN STODDERT MIDDLE SCHOOL,2040 St. Thomas Drive,Waldorf,MD,20602,M,2005-2006,05-06,38.6015661,-76.8975434,517,39,229,25
80622,BERRY ELEMENTARY SCHOOL,10155 Berry Road,Waldorf,MD,20603,E,2005-2006,05-06,38.647895,-76.9595649,442,24,309,59
80620,C. PAUL BARNHART ELEMENTARY SCHOOL,4800 Lancaster Circle,Waldorf,MD,20603,E,2005-2006,05-06,38.6244091,-76.9372322,443,40,131,40
80617,DANIEL OF ST. THOMAS JENIFER ELEMENTARY SCHOOL,2820 Jenifer School Lane,Waldorf,MD,20603,E,2005-2006,05-06,38.633889,-76.9276741,438,30,190,46
80611,DR. GUSTAVUS BROWN ELEMENTARY,421 University Drive,Waldorf,MD,20602,E,2005-2006,05-06,38.5947414,-76.9194692,301,28,142,11
80609,DR. JAMES CRAIK ELEMENTARY SCHOOL,7725 Marshall Corner Road,Pomfret,MD,20675,E,2005-2006,05-06,38.5690967,-77.0302076,116,10,317,18
80604,DR. SAMUEL A. MUDD ELEMENTARY SCHOOL,820 Stone Avenue,Waldorf,MD,20602,E,2005-2006,05-06,38.6081746,-76.9102497,264,20,109,13
80501,DR. THOMAS L. HIGDON ELEMENTARY,12872 Rock Point Road,Newburg,MD,20664,E,2005-2006,05-06,38.3595146,-76.9405281,73,3,372,6
80616,EVA TURNER ELEMENTARY SCHOOL,1000 Bannister Circle,Waldorf,MD,20602,E,2005-2006,05-06,38.5951194,-76.9035827,361,19,101,20
81001,GALE-BAILEY ELEMENTARY SCHOOL,4740 Pisgah-Marbury Road,Marbury,MD,20658,E,2005-2006,05-06,38.5609531,-77.1505342,167,4,262,6
80705,GENERAL SMALLWOOD MIDDLE SCHOOL,4990 Indian Head Highway,Indian Head,MD,20640,M,2005-2006,05-06,38.6028131,-77.1341113,354,9,254,19
81002,HENRY E. LACKEY HIGH SCHOOL,3000 Chicamuxen Road,Indian Head,MD,20640,H,2005-2006,05-06,38.5794444,-77.1276389,807,30,711,49
80710,INDIAN HEAD ELEMENTARY SCHOOL,4200 Indian Head Highway,Indian Head,MD,20640,E,2005-2006,05-06,38.6005716,-77.1663546,227,19,173,20
80703,J. C. PARKS ELEMENTARY SCHOOL,3505 Livingston Road,Indian Head,MD,20640,E,2005-2006,05-06,38.6148405,-77.074977,546,42,394,35
80608,JOHN HANSON MIDDLE SCHOOL,3165 John Hanson Drive,Waldorf,MD,20601,M,2005-2006,05-06,38.6242651,-76.8882182,423,22,465,27
80606,J. P. RYON ELEMENTARY SCHOOL,12140 Vivian Adams Drive,Waldorf,MD,20601,E,2005-2006,05-06,38.6222194,-76.8892106,377,20,196,24
80106,LA PLATA SCHOOL,6035 Radio Station Road,La Plata,MD,20646,H,2005-2006,05-06,38.5462317,-76.9502506,387,19,1173,36
80902,MALCOLM ELEMENTARY SCHOOL,14760 Poplar Hill Road,Waldorf,MD,20601,E,2005-2006,05-06,38.6167858,-76.7974684,181,16,353,15
80109,MARY MATULA ELEMENTARY SCHOOL,6025 Radio Station Road,La Plata,MD,20646,E,2005-2006,05-06,38.5483416,-76.9560313,235,33,367,24
80621,MATTAWOMAN MIDDLE SCHOOL,10145 Berry Road,Waldorf,MD,20603,M,2005-2006,05-06,38.64663,-76.96077,534,32,145,39
80701,MATTHEW HENSON MIDDLE SCHOOL,3535 Livingston Road,Indian Head,MD,20640,M,2005-2006,05-06,38.6140072,-77.0769214,415,16,352,42
80108,MAURICE J. MCDONOUGH HIGH SCHOOL,7165 Marshall Corner Road,Pomfret,MD,20675,H,2005-2006,05-06,38.5557,-77.035146,562,47,663,47
80104,MILTON M. SOMERS MIDDLE SCHOOL,300 Willow Lane,La Plata,MD,20646,M,2005-2006,05-06,38.523887,-76.972715,436,40,695,51
80302,MT HOPE/NANJEMOY ELEMENTARY SCHOOL,9275 Ironsides Road,Nanjemoy,MD,20662,E,2005-2006,05-06,38.4581783,-77.1805341,127,3,170,1
80623,NORTH POINT HIGH SCHOOL,2500 Davis Road,Waldorf,MD,20603,H,2005-2006,05-06,38.641421,-76.977075,508,28,432,66
80503,PICCOWAXEN MIDDLE SCHOOL,12834 Rock Point Road,Newburg,MD,20664,M,2005-2006,05-06,38.3617928,-76.9413607,73,6,411,4
80708,ROBERT D. STETHEM EDUCATIONAL CENTER,7775 Marshall Corner Road,Pomfret,MD,20675,O,2005-2006,05-06,38.5703181,-77.0291001,34,0,13,1
80801,T. C. MARTIN ELEMENTARY SCHOOL,6315 Olivers Shop Road,Bryantown,MD,20617,E,2005-2006,05-06,38.5393903,-76.842783,113,11,498,12
80605,THOMAS STONE HIGH SCHOOL,3785 Leonardtown Road,Waldorf,MD,20601,H,2005-2006,05-06,38.6148411,-76.8869156,894,67,1037,82
80105,WALTER J. MITCHELL ELEMENTARY,400 Willow Lane,La Plata,MD,20646,E,2005-2006,05-06,38.5194643,-76.9694544,104,8,480,21
80619,WESTLAKE HIGH SCHOOL,3300 Middletown Road,Waldorf,MD,20603,H,2005-2006,05-06,38.6237294,-76.9669182,1040,51,639,96
80618,WILLIAM B. WADE ELEMENTARY SCHOOL,2300 Smallwood Drive West,Waldorf,MD,20603,E,2005-2006,05-06,38.6179674,-76.9467827,345,38,377,55
80612,ARTHUR MIDDLETON ELEMENTARY SCHOOL,1109 Copley Avenue,Waldorf,MD,20602,E,2006-2007,06-07,38.6025938,-76.921812,238,27,147,19
80613,BENJAMIN STODDERT MIDDLE SCHOOL,2040 St. Thomas Drive,Waldorf,MD,20602,M,2006-2007,06-07,38.6015661,-76.8975434,509,59,179,27
80622,BERRY ELEMENTARY SCHOOL,10155 Berry Road,Waldorf,MD,20603,E,2006-2007,06-07,38.647895,-76.9595649,433,39,171,58
80620,C. PAUL BARNHART ELEMENTARY SCHOOL,4800 Lancaster Circle,Waldorf,MD,20603,E,2006-2007,06-07,38.6244091,-76.9372322,388,43,119,34
80617,DANIEL OF ST. THOMAS JENIFER ELEMENTARY SCHOOL,2820 Jenifer School Lane,Waldorf,MD,20603,E,2006-2007,06-07,38.633889,-76.9276741,376,25,144,48
80611,DR. GUSTAVUS BROWN ELEMENTARY,421 University Drive,Waldorf,MD,20602,E,2006-2007,06-07,38.5947414,-76.9194692,293,31,144,20
80609,DR. JAMES CRAIK ELEMENTARY SCHOOL,7725 Marshall Corner Road,Pomfret,MD,20675,E,2006-2007,06-07,38.5690967,-77.0302076,105,12,338,15
80604,DR. SAMUEL A. MUDD ELEMENTARY SCHOOL,820 Stone Avenue,Waldorf,MD,20602,E,2006-2007,06-07,38.6081746,-76.9102497,268,15,97,9
80501,DR. THOMAS L. HIGDON ELEMENTARY,12872 Rock Point Road,Newburg,MD,20664,E,2006-2007,06-07,38.3595146,-76.9405281,88,6,381,5
80616,EVA TURNER ELEMENTARY SCHOOL,1000 Bannister Circle,Waldorf,MD,20602,E,2006-2007,06-07,38.5951194,-76.9035827,379,25,76,20
81001,GALE-BAILEY ELEMENTARY SCHOOL,4740 Pisgah-Marbury Road,Marbury,MD,20658,E,2006-2007,06-07,38.5609531,-77.1505342,187,4,264,14
80705,GENERAL SMALLWOOD MIDDLE SCHOOL,4990 Indian Head Highway,Indian Head,MD,20640,M,2006-2007,06-07,38.6028131,-77.1341113,373,8,247,11
81002,HENRY E. LACKEY HIGH SCHOOL,3000 Chicamuxen Road,Indian Head,MD,20640,H,2006-2007,06-07,38.5794444,-77.1276389,826,30,636,48
80710,INDIAN HEAD ELEMENTARY SCHOOL,4200 Indian Head Highway,Indian Head,MD,20640,E,2006-2007,06-07,38.6005716,-77.1663546,224,13,156,17
80703,J. C. PARKS ELEMENTARY SCHOOL,3505 Livingston Road,Indian Head,MD,20640,E,2006-2007,06-07,38.6148405,-77.074977,401,22,185,12
80608,JOHN HANSON MIDDLE SCHOOL,3165 John Hanson Drive,Waldorf,MD,20601,M,2006-2007,06-07,38.6242651,-76.8882182,460,25,422,29
80606,J. P. RYON ELEMENTARY SCHOOL,12140 Vivian Adams Drive,Waldorf,MD,20601,E,2006-2007,06-07,38.6222194,-76.8892106,407,25,170,25
80106,LA PLATA SCHOOL,6035 Radio Station Road,La Plata,MD,20646,H,2006-2007,06-07,38.5462317,-76.9502506,356,24,1161,37
80902,MALCOLM ELEMENTARY SCHOOL,14760 Poplar Hill Road,Waldorf,MD,20601,E,2006-2007,06-07,38.6167858,-76.7974684,193,15,353,16
80109,MARY MATULA ELEMENTARY SCHOOL,6025 Radio Station Road,La Plata,MD,20646,E,2006-2007,06-07,38.5483416,-76.9560313,256,37,348,23
80621,MATTAWOMAN MIDDLE SCHOOL,10145 Berry Road,Waldorf,MD,20603,M,2006-2007,06-07,38.64663,-76.96077,689,36,166,55
80701,MATTHEW HENSON MIDDLE SCHOOL,3535 Livingston Road,Indian Head,MD,20640,M,2006-2007,06-07,38.6140072,-77.0769214,494,21,355,40
80108,MAURICE J. MCDONOUGH HIGH SCHOOL,7165 Marshall Corner Road,Pomfret,MD,20675,H,2006-2007,06-07,38.5557,-77.035146,611,50,628,37
80104,MILTON M. SOMERS MIDDLE SCHOOL,300 Willow Lane,La Plata,MD,20646,M,2006-2007,06-07,38.523887,-76.972715,458,42,677,48
80302,MT HOPE/NANJEMOY ELEMENTARY SCHOOL,9275 Ironsides Road,Nanjemoy,MD,20662,E,2006-2007,06-07,38.4581783,-77.1805341,144,2,172,1
80623,NORTH POINT HIGH SCHOOL,2500 Davis Road,Waldorf,MD,20603,H,2006-2007,06-07,38.641421,-76.977075,685,34,547,87
80503,PICCOWAXEN MIDDLE SCHOOL,12834 Rock Point Road,Newburg,MD,20664,M,2006-2007,06-07,38.3617928,-76.9413607,77,10,406,4
80708,ROBERT D. STETHEM EDUCATIONAL CENTER,7775 Marshall Corner Road,Pomfret,MD,20675,O,2006-2007,06-07,38.5703181,-77.0291001,36,1,11,1
80801,T. C. MARTIN ELEMENTARY SCHOOL,6315 Olivers Shop Road,Bryantown,MD,20617,E,2006-2007,06-07,38.5393903,-76.842783,117,13,480,11
80605,THOMAS STONE HIGH SCHOOL,3785 Leonardtown Road,Waldorf,MD,20601,H,2006-2007,06-07,38.6148411,-76.8869156,891,54,882,72
80105,WALTER J. MITCHELL ELEMENTARY,400 Willow Lane,La Plata,MD,20646,E,2006-2007,06-07,38.5194643,-76.9694544,115,10,459,27
80619,WESTLAKE HIGH SCHOOL,3300 Middletown Road,Waldorf,MD,20603,H,2006-2007,06-07,38.6237294,-76.9669182,1120,60,465,94
80624,WILLIAM A. DIGGS ELEMENTARY,2615 Davis Road,Waldorf,MD,20603,E,2006-2007,06-07,38.6356456,-76.9808578,473,27,318,49
80618,WILLIAM B. WADE ELEMENTARY SCHOOL,2300 Smallwood Drive West,Waldorf,MD,20603,E,2006-2007,06-07,38.6179674,-76.9467827,383,42,318,48
80612,ARTHUR MIDDLETON ELEMENTARY SCHOOL,1109 Copley Avenue,Waldorf,MD,20602,E,2007-2008,07-08,38.6025938,-76.921812,255,22,147,15
80613,BENJAMIN STODDERT MIDDLE SCHOOL,2040 St. Thomas Drive,Waldorf,MD,20602,M,2007-2008,07-08,38.6015661,-76.8975434,537,48,145,38
80622,BERRY ELEMENTARY SCHOOL,10155 Berry Road,Waldorf,MD,20603,E,2007-2008,07-08,38.647895,-76.9595649,492,43,158,55
80620,C. PAUL BARNHART ELEMENTARY SCHOOL,4800 Lancaster Circle,Waldorf,MD,20603,E,2007-2008,07-08,38.6244091,-76.9372322,386,40,91,35
80617,DANIEL OF ST. THOMAS JENIFER ELEMENTARY SCHOOL,2820 Jenifer School Lane,Waldorf,MD,20603,E,2007-2008,07-08,38.633889,-76.9276741,382,22,144,59
80611,DR. GUSTAVUS BROWN ELEMENTARY,421 University Drive,Waldorf,MD,20602,E,2007-2008,07-08,38.5947414,-76.9194692,277,33,108,16
80609,DR. JAMES CRAIK ELEMENTARY SCHOOL,7725 Marshall Corner Road,Pomfret,MD,20675,E,2007-2008,07-08,38.5690967,-77.0302076,117,12,335,22
80604,DR. SAMUEL A. MUDD ELEMENTARY SCHOOL,820 Stone Avenue,Waldorf,MD,20602,E,2007-2008,07-08,38.6081746,-76.9102497,285,15,89,9
80501,DR. THOMAS L. HIGDON ELEMENTARY,12872 Rock Point Road,Newburg,MD,20664,E,2007-2008,07-08,38.3595146,-76.9405281,90,6,363,5
80616,EVA TURNER ELEMENTARY SCHOOL,1000 Bannister Circle,Waldorf,MD,20602,E,2007-2008,07-08,38.5951194,-76.9035827,411,35,72,31
81001,GALE-BAILEY ELEMENTARY SCHOOL,4740 Pisgah-Marbury Road,Marbury,MD,20658,E,2007-2008,07-08,38.5609531,-77.1505342,198,3,244,16
80705,GENERAL SMALLWOOD MIDDLE SCHOOL,4990 Indian Head Highway,Indian Head,MD,20640,M,2007-2008,07-08,38.6028131,-77.1341113,251,6,235,8
81002,HENRY E. LACKEY HIGH SCHOOL,3000 Chicamuxen Road,Indian Head,MD,20640,H,2007-2008,07-08,38.5794444,-77.1276389,876,25,568,52
80710,INDIAN HEAD ELEMENTARY SCHOOL,4200 Indian Head Highway,Indian Head,MD,20640,E,2007-2008,07-08,38.6005716,-77.1663546,235,7,128,21
80703,J. C. PARKS ELEMENTARY SCHOOL,3505 Livingston Road,Indian Head,MD,20640,E,2007-2008,07-08,38.6148405,-77.074977,385,20,182,17
80608,JOHN HANSON MIDDLE SCHOOL,3165 John Hanson Drive,Waldorf,MD,20601,M,2007-2008,07-08,38.6242651,-76.8882182,490,28,363,24
80606,J. P. RYON ELEMENTARY SCHOOL,12140 Vivian Adams Drive,Waldorf,MD,20601,E,2007-2008,07-08,38.6222194,-76.8892106,424,25,155,25
80106,LA PLATA SCHOOL,6035 Radio Station Road,La Plata,MD,20646,H,2007-2008,07-08,38.5462317,-76.9502506,311,28,1136,39
80902,MALCOLM ELEMENTARY SCHOOL,14760 Poplar Hill Road,Waldorf,MD,20601,E,2007-2008,07-08,38.6167858,-76.7974684,183,18,324,17
80109,MARY MATULA ELEMENTARY SCHOOL,6025 Radio Station Road,La Plata,MD,20646,E,2007-2008,07-08,38.5483416,-76.9560313,249,37,326,25
80621,MATTAWOMAN MIDDLE SCHOOL,10145 Berry Road,Waldorf,MD,20603,M,2007-2008,07-08,38.64663,-76.96077,719,41,170,57
80701,MATTHEW HENSON MIDDLE SCHOOL,3535 Livingston Road,Indian Head,MD,20640,M,2007-2008,07-08,38.6140072,-77.0769214,383,14,194,17
80108,MAURICE J. MCDONOUGH HIGH SCHOOL,7165 Marshall Corner Road,Pomfret,MD,20675,H,2007-2008,07-08,38.5557,-77.035146,665,54,554,31
80104,MILTON M. SOMERS MIDDLE SCHOOL,300 Willow Lane,La Plata,MD,20646,M,2007-2008,07-08,38.523887,-76.972715,250,16,567,30
80302,MT HOPE/NANJEMOY ELEMENTARY SCHOOL,9275 Ironsides Road,Nanjemoy,MD,20662,E,2007-2008,07-08,38.4581783,-77.1805341,144,3,169,2
80623,NORTH POINT HIGH SCHOOL,2500 Davis Road,Waldorf,MD,20603,H,2007-2008,07-08,38.641421,-76.977075,851,47,644,98
80503,PICCOWAXEN MIDDLE SCHOOL,12834 Rock Point Road,Newburg,MD,20664,M,2007-2008,07-08,38.3617928,-76.9413607,65,13,378,4
80708,ROBERT D. STETHEM EDUCATIONAL CENTER,7775 Marshall Corner Road,Pomfret,MD,20675,O,2007-2008,07-08,38.5703181,-77.0291001,41,2,16,2
80801,T. C. MARTIN ELEMENTARY SCHOOL,6315 Olivers Shop Road,Bryantown,MD,20617,E,2007-2008,07-08,38.5393903,-76.842783,126,15,452,15
80625,THEODORE G. DAVIS MIDDLE SCHOOL,2495 Davis Road,Waldorf,MD,20603,M,2007-2008,07-08,38.6439719,-76.9788876,643,46,349,50
80605,THOMAS STONE HIGH SCHOOL,3785 Leonardtown Road,Waldorf,MD,20601,H,2007-2008,07-08,38.6148411,-76.8869156,841,42,708,60
80105,WALTER J. MITCHELL ELEMENTARY,400 Willow Lane,La Plata,MD,20646,E,2007-2008,07-08,38.5194643,-76.9694544,102,13,445,29
80619,WESTLAKE HIGH SCHOOL,3300 Middletown Road,Waldorf,MD,20603,H,2007-2008,07-08,38.6237294,-76.9669182,1134,58,343,72
80624,WILLIAM A. DIGGS ELEMENTARY,2615 Davis Road,Waldorf,MD,20603,E,2007-2008,07-08,38.6356456,-76.9808578,576,37,306,54
80618,WILLIAM B. WADE ELEMENTARY SCHOOL,2300 Smallwood Drive West,Waldorf,MD,20603,E,2007-2008,07-08,38.6179674,-76.9467827,380,50,297,43
80612,ARTHUR MIDDLETON ELEMENTARY SCHOOL,1109 Copley Avenue,Waldorf,MD,20602,E,2008-2009,08-09,38.6025938,-76.921812,255,33,137,16
80613,BENJAMIN STODDERT MIDDLE SCHOOL,2040 St. Thomas Drive,Waldorf,MD,20602,M,2008-2009,08-09,38.6015661,-76.8975434,513,46,132,33
80622,BERRY ELEMENTARY SCHOOL,10155 Berry Road,Waldorf,MD,20603,E,2008-2009,08-09,38.647895,-76.9595649,557,40,143,55
80620,C. PAUL BARNHART ELEMENTARY SCHOOL,4800 Lancaster Circle,Waldorf,MD,20603,E,2008-2009,08-09,38.6244091,-76.9372322,412,51,70,33
80617,DANIEL OF ST. THOMAS JENIFER ELEMENTARY SCHOOL,2820 Jenifer School Lane,Waldorf,MD,20603,E,2008-2009,08-09,38.633889,-76.9276741,392,20,119,60
80611,DR. GUSTAVUS BROWN ELEMENTARY,421 University Drive,Waldorf,MD,20602,E,2008-2009,08-09,38.5947414,-76.9194692,299,27,102,15
80609,DR. JAMES CRAIK ELEMENTARY SCHOOL,7725 Marshall Corner Road,Pomfret,MD,20675,E,2008-2009,08-09,38.5690967,-77.0302076,114,15,343,23
80604,DR. SAMUEL A. MUDD ELEMENTARY SCHOOL,820 Stone Avenue,Waldorf,MD,20602,E,2008-2009,08-09,38.6081746,-76.9102497,281,22,87,7
80501,DR. THOMAS L. HIGDON ELEMENTARY,12872 Rock Point Road,Newburg,MD,20664,E,2008-2009,08-09,38.3595146,-76.9405281,76,5,340,4
80616,EVA TURNER ELEMENTARY SCHOOL,1000 Bannister Circle,Waldorf,MD,20602,E,2008-2009,08-09,38.5951194,-76.9035827,270,20,56,11
81001,GALE-BAILEY ELEMENTARY SCHOOL,4740 Pisgah-Marbury Road,Marbury,MD,20658,E,2008-2009,08-09,38.5609531,-77.1505342,187,5,240,14
80705,GENERAL SMALLWOOD MIDDLE SCHOOL,4990 Indian Head Highway,Indian Head,MD,20640,M,2008-2009,08-09,38.6028131,-77.1341113,247,13,245,8
81002,HENRY E. LACKEY HIGH SCHOOL,3000 Chicamuxen Road,Indian Head,MD,20640,H,2008-2009,08-09,38.5794444,-77.1276389,863,18,475,43
80710,INDIAN HEAD ELEMENTARY SCHOOL,4200 Indian Head Highway,Indian Head,MD,20640,E,2008-2009,08-09,38.6005716,-77.1663546,252,2,119,19
80703,J. C. PARKS ELEMENTARY SCHOOL,3505 Livingston Road,Indian Head,MD,20640,E,2008-2009,08-09,38.6148405,-77.074977,392,17,176,19
80608,JOHN HANSON MIDDLE SCHOOL,3165 John Hanson Drive,Waldorf,MD,20601,M,2008-2009,08-09,38.6242651,-76.8882182,464,28,324,25
80606,J. P. RYON ELEMENTARY SCHOOL,12140 Vivian Adams Drive,Waldorf,MD,20601,E,2008-2009,08-09,38.6222194,-76.8892106,312,24,112,19
80106,LA PLATA SCHOOL,6035 Radio Station Road,La Plata,MD,20646,H,2008-2009,08-09,38.5462317,-76.9502506,280,26,1062,40
80902,MALCOLM ELEMENTARY SCHOOL,14760 Poplar Hill Road,Waldorf,MD,20601,E,2008-2009,08-09,38.6167858,-76.7974684,171,15,299,18
80626,MARY B. NEAL ELEMENTARY SCHOOL,12105 St. Georges Drive,Waldorf,MD,20602,E,2008-2009,08-09,38.584929,-76.9031422,428,36,121,38
80109,MARY MATULA ELEMENTARY SCHOOL,6025 Radio Station Road,La Plata,MD,20646,E,2008-2009,08-09,38.5483416,-76.9560313,172,19,228,31
80621,MATTAWOMAN MIDDLE SCHOOL,10145 Berry Road,Waldorf,MD,20603,M,2008-2009,08-09,38.64663,-76.96077,757,39,155,69
80701,MATTHEW HENSON MIDDLE SCHOOL,3535 Livingston Road,Indian Head,MD,20640,M,2008-2009,08-09,38.6140072,-77.0769214,378,19,196,15
80108,MAURICE J. MCDONOUGH HIGH SCHOOL,7165 Marshall Corner Road,Pomfret,MD,20675,H,2008-2009,08-09,38.5557,-77.035146,683,56,514,31
80104,MILTON M. SOMERS MIDDLE SCHOOL,300 Willow Lane,La Plata,MD,20646,M,2008-2009,08-09,38.523887,-76.972715,250,18,574,32
80302,MT HOPE/NANJEMOY ELEMENTARY SCHOOL,9275 Ironsides Road,Nanjemoy,MD,20662,E,2008-2009,08-09,38.4581783,-77.1805341,132,3,177,1
80623,NORTH POINT HIGH SCHOOL,2500 Davis Road,Waldorf,MD,20603,H,2008-2009,08-09,38.641421,-76.977075,1128,55,837,141
80503,PICCOWAXEN MIDDLE SCHOOL,12834 Rock Point Road,Newburg,MD,20664,M,2008-2009,08-09,38.3617928,-76.9413607,63,11,414,8
80708,ROBERT D. STETHEM EDUCATIONAL CENTER,7775 Marshall Corner Road,Pomfret,MD,20675,O,2008-2009,08-09,38.5703181,-77.0291001,39,6,26,2
80801,T. C. MARTIN ELEMENTARY SCHOOL,6315 Olivers Shop Road,Bryantown,MD,20617,E,2008-2009,08-09,38.5393903,-76.842783,114,13,408,17
80625,THEODORE G. DAVIS MIDDLE SCHOOL,2495 Davis Road,Waldorf,MD,20603,M,2008-2009,08-09,38.6439719,-76.9788876,704,47,309,52
80605,THOMAS STONE HIGH SCHOOL,3785 Leonardtown Road,Waldorf,MD,20601,H,2008-2009,08-09,38.6148411,-76.8869156,843,46,631,41
80105,WALTER J. MITCHELL ELEMENTARY,400 Willow Lane,La Plata,MD,20646,E,2008-2009,08-09,38.5194643,-76.9694544,94,18,455,22
80619,WESTLAKE HIGH SCHOOL,3300 Middletown Road,Waldorf,MD,20603,H,2008-2009,08-09,38.6237294,-76.9669182,1132,52,219,59
80624,WILLIAM A. DIGGS ELEMENTARY,2615 Davis Road,Waldorf,MD,20603,E,2008-2009,08-09,38.6356456,-76.9808578,570,37,295,56
80618,WILLIAM B. WADE ELEMENTARY SCHOOL,2300 Smallwood Drive West,Waldorf,MD,20603,E,2008-2009,08-09,38.6179674,-76.9467827,412,55,282,35
80612,ARTHUR MIDDLETON ELEMENTARY SCHOOL,1109 Copley Avenue,Waldorf,MD,20602,E,2009-2010,09-10,38.6025938,-76.921812,256,22,124,21
80613,BENJAMIN STODDERT MIDDLE SCHOOL,2040 St. Thomas Drive,Waldorf,MD,20602,M,2009-2010,09-10,38.6015661,-76.8975434,548,42,156,34
80622,BERRY ELEMENTARY SCHOOL,10155 Berry Road,Waldorf,MD,20603,E,2009-2010,09-10,38.647895,-76.9595649,559,31,132,56
80620,C. PAUL BARNHART ELEMENTARY SCHOOL,4800 Lancaster Circle,Waldorf,MD,20603,E,2009-2010,09-10,38.6244091,-76.9372322,410,54,60,29
80617,DANIEL OF ST. THOMAS JENIFER ELEMENTARY SCHOOL,2820 Jenifer School Lane,Waldorf,MD,20603,E,2009-2010,09-10,38.633889,-76.9276741,420,28,104,61
80611,DR. GUSTAVUS BROWN ELEMENTARY,421 University Drive,Waldorf,MD,20602,E,2009-2010,09-10,38.5947414,-76.9194692,310,23,83,15
80609,DR. JAMES CRAIK ELEMENTARY SCHOOL,7725 Marshall Corner Road,Pomfret,MD,20675,E,2009-2010,09-10,38.5690967,-77.0302076,128,10,366,24
80604,DR. SAMUEL A. MUDD ELEMENTARY SCHOOL,820 Stone Avenue,Waldorf,MD,20602,E,2009-2010,09-10,38.6081746,-76.9102497,258,32,79,9
80501,DR. THOMAS L. HIGDON ELEMENTARY,12872 Rock Point Road,Newburg,MD,20664,E,2009-2010,09-10,38.3595146,-76.9405281,81,4,315,5
80616,EVA TURNER ELEMENTARY SCHOOL,1000 Bannister Circle,Waldorf,MD,20602,E,2009-2010,09-10,38.5951194,-76.9035827,286,13,48,10
81001,GALE-BAILEY ELEMENTARY SCHOOL,4740 Pisgah-Marbury Road,Marbury,MD,20658,E,2009-2010,09-10,38.5609531,-77.1505342,177,3,226,19
80705,GENERAL SMALLWOOD MIDDLE SCHOOL,4990 Indian Head Highway,Indian Head,MD,20640,M,2009-2010,09-10,38.6028131,-77.1341113,250,9,257,10
81002,HENRY E. LACKEY HIGH SCHOOL,3000 Chicamuxen Road,Indian Head,MD,20640,H,2009-2010,09-10,38.5794444,-77.1276389,823,20,467,31
80710,INDIAN HEAD ELEMENTARY SCHOOL,4200 Indian Head Highway,Indian Head,MD,20640,E,2009-2010,09-10,38.6005716,-77.1663546,249,6,107,13
80703,J. C. PARKS ELEMENTARY SCHOOL,3505 Livingston Road,Indian Head,MD,20640,E,2009-2010,09-10,38.6148405,-77.074977,394,13,180,32
80608,JOHN HANSON MIDDLE SCHOOL,3165 John Hanson Drive,Waldorf,MD,20601,M,2009-2010,09-10,38.6242651,-76.8882182,444,32,328,24
80606,J. P. RYON ELEMENTARY SCHOOL,12140 Vivian Adams Drive,Waldorf,MD,20601,E,2009-2010,09-10,38.6222194,-76.8892106,338,22,111,20
80106,LA PLATA SCHOOL,6035 Radio Station Road,La Plata,MD,20646,H,2009-2010,09-10,38.5462317,-76.9502506,277,31,1032,48
80902,MALCOLM ELEMENTARY SCHOOL,14760 Poplar Hill Road,Waldorf,MD,20601,E,2009-2010,09-10,38.6167858,-76.7974684,176,13,288,21
80626,MARY B. NEAL ELEMENTARY SCHOOL,12105 St. Georges Drive,Waldorf,MD,20602,E,2009-2010,09-10,38.584929,-76.9031422,476,43,129,47
80109,MARY MATULA ELEMENTARY SCHOOL,6025 Radio Station Road,La Plata,MD,20646,E,2009-2010,09-10,38.5483416,-76.9560313,196,16,228,26
80621,MATTAWOMAN MIDDLE SCHOOL,10145 Berry Road,Waldorf,MD,20603,M,2009-2010,09-10,38.64663,-76.96077,730,44,156,72
80701,MATTHEW HENSON MIDDLE SCHOOL,3535 Livingston Road,Indian Head,MD,20640,M,2009-2010,09-10,38.6140072,-77.0769214,356,14,177,13
80108,MAURICE J. MCDONOUGH HIGH SCHOOL,7165 Marshall Corner Road,Pomfret,MD,20675,H,2009-2010,09-10,38.5557,-77.035146,705,55,489,45
80104,MILTON M. SOMERS MIDDLE SCHOOL,300 Willow Lane,La Plata,MD,20646,M,2009-2010,09-10,38.523887,-76.972715,236,21,550,32
80302,MT HOPE/NANJEMOY ELEMENTARY SCHOOL,9275 Ironsides Road,Nanjemoy,MD,20662,E,2009-2010,09-10,38.4581783,-77.1805341,123,3,179,3
80623,NORTH POINT HIGH SCHOOL,2500 Davis Road,Waldorf,MD,20603,H,2009-2010,09-10,38.641421,-76.977075,1205,66,778,155
80503,PICCOWAXEN MIDDLE SCHOOL,12834 Rock Point Road,Newburg,MD,20664,M,2009-2010,09-10,38.3617928,-76.9413607,65,10,419,8
80708,ROBERT D. STETHEM EDUCATIONAL CENTER,7775 Marshall Corner Road,Pomfret,MD,20675,O,2009-2010,09-10,38.5703181,-77.0291001,48,4,18,2
80801,T. C. MARTIN ELEMENTARY SCHOOL,6315 Olivers Shop Road,Bryantown,MD,20617,E,2009-2010,09-10,38.5393903,-76.842783,114,14,403,15
80625,THEODORE G. DAVIS MIDDLE SCHOOL,2495 Davis Road,Waldorf,MD,20603,M,2009-2010,09-10,38.6439719,-76.9788876,750,46,278,65
80605,THOMAS STONE HIGH SCHOOL,3785 Leonardtown Road,Waldorf,MD,20601,H,2009-2010,09-10,38.6148411,-76.8869156,839,46,549,33
80105,WALTER J. MITCHELL ELEMENTARY,400 Willow Lane,La Plata,MD,20646,E,2009-2010,09-10,38.5194643,-76.9694544,109,19,474,20
80619,WESTLAKE HIGH SCHOOL,3300 Middletown Road,Waldorf,MD,20603,H,2009-2010,09-10,38.6237294,-76.9669182,1200,62,188,60
80624,WILLIAM A. DIGGS ELEMENTARY,2615 Davis Road,Waldorf,MD,20603,E,2009-2010,09-10,38.6356456,-76.9808578,633,43,287,69
80618,WILLIAM B. WADE ELEMENTARY SCHOOL,2300 Smallwood Drive West,Waldorf,MD,20603,E,2009-2010,09-10,38.6179674,-76.9467827,425,61,262,36
80612,ARTHUR MIDDLETON ELEMENTARY SCHOOL,1109 Copley Avenue,Waldorf,MD,20602,E,2010-2011,10-11,38.6025938,-76.921812,271,25,106,47
80613,BENJAMIN STODDERT MIDDLE SCHOOL,2040 St. Thomas Drive,Waldorf,MD,20602,M,2010-2011,10-11,38.6015661,-76.8975434,496,54,143,54
80622,BERRY ELEMENTARY SCHOOL,10155 Berry Road,Waldorf,MD,20603,E,2010-2011,10-11,38.647895,-76.9595649,537,51,116,95
80620,C. PAUL BARNHART ELEMENTARY SCHOOL,4800 Lancaster Circle,Waldorf,MD,20603,E,2010-2011,10-11,38.6244091,-76.9372322,426,64,56,41
80617,DANIEL OF ST. THOMAS JENIFER ELEMENTARY SCHOOL,2820 Jenifer School Lane,Waldorf,MD,20603,E,2010-2011,10-11,38.633889,-76.9276741,375,38,95,87
80611,DR. GUSTAVUS BROWN ELEMENTARY,421 University Drive,Waldorf,MD,20602,E,2010-2011,10-11,38.5947414,-76.9194692,276,32,76,47
80609,DR. JAMES CRAIK ELEMENTARY SCHOOL,7725 Marshall Corner Road,Pomfret,MD,20675,E,2010-2011,10-11,38.5690967,-77.0302076,97,19,348,56
80604,DR. SAMUEL A. MUDD ELEMENTARY SCHOOL,820 Stone Avenue,Waldorf,MD,20602,E,2010-2011,10-11,38.6081746,-76.9102497,236,41,64,38
80501,DR. THOMAS L. HIGDON ELEMENTARY,12872 Rock Point Road,Newburg,MD,20664,E,2010-2011,10-11,38.3595146,-76.9405281,77,12,302,32
80616,EVA TURNER ELEMENTARY SCHOOL,1000 Bannister Circle,Waldorf,MD,20602,E,2010-2011,10-11,38.5951194,-76.9035827,226,18,46,48
81001,GALE-BAILEY ELEMENTARY SCHOOL,4740 Pisgah-Marbury Road,Marbury,MD,20658,E,2010-2011,10-11,38.5609531,-77.1505342,155,2,242,29
80705,GENERAL SMALLWOOD MIDDLE SCHOOL,4990 Indian Head Highway,Indian Head,MD,20640,M,2010-2011,10-11,38.6028131,-77.1341113,253,13,227,20
81002,HENRY E. LACKEY HIGH SCHOOL,3000 Chicamuxen Road,Indian Head,MD,20640,H,2010-2011,10-11,38.5794444,-77.1276389,757,36,435,64
80710,INDIAN HEAD ELEMENTARY SCHOOL,4200 Indian Head Highway,Indian Head,MD,20640,E,2010-2011,10-11,38.6005716,-77.1663546,228,21,115,32
80703,J. C. PARKS ELEMENTARY SCHOOL,3505 Livingston Road,Indian Head,MD,20640,E,2010-2011,10-11,38.6148405,-77.074977,359,34,169,72
80608,JOHN HANSON MIDDLE SCHOOL,3165 John Hanson Drive,Waldorf,MD,20601,M,2010-2011,10-11,38.6242651,-76.8882182,405,34,312,48
80606,J. P. RYON ELEMENTARY SCHOOL,12140 Vivian Adams Drive,Waldorf,MD,20601,E,2010-2011,10-11,38.6222194,-76.8892106,313,37,92,49
80106,LA PLATA SCHOOL,6035 Radio Station Road,La Plata,MD,20646,H,2010-2011,10-11,38.5462317,-76.9502506,259,53,1000,84
80902,MALCOLM ELEMENTARY SCHOOL,14760 Poplar Hill Road,Waldorf,MD,20601,E,2010-2011,10-11,38.6167858,-76.7974684,148,24,282,42
80626,MARY B. NEAL ELEMENTARY SCHOOL,12105 St. Georges Drive,Waldorf,MD,20602,E,2010-2011,10-11,38.584929,-76.9031422,504,46,133,94
80109,MARY MATULA ELEMENTARY SCHOOL,6025 Radio Station Road,La Plata,MD,20646,E,2010-2011,10-11,38.5483416,-76.9560313,178,36,222,54
80621,MATTAWOMAN MIDDLE SCHOOL,10145 Berry Road,Waldorf,MD,20603,M,2010-2011,10-11,38.64663,-76.96077,706,45,138,102
80701,MATTHEW HENSON MIDDLE SCHOOL,3535 Livingston Road,Indian Head,MD,20640,M,2010-2011,10-11,38.6140072,-77.0769214,325,24,182,39
80108,MAURICE J. MCDONOUGH HIGH SCHOOL,7165 Marshall Corner Road,Pomfret,MD,20675,H,2010-2011,10-11,38.5557,-77.035146,650,67,448,91
80104,MILTON M. SOMERS MIDDLE SCHOOL,300 Willow Lane,La Plata,MD,20646,M,2010-2011,10-11,38.523887,-76.972715,220,36,511,84
80302,MT HOPE/NANJEMOY ELEMENTARY SCHOOL,9275 Ironsides Road,Nanjemoy,MD,20662,E,2010-2011,10-11,38.4581783,-77.1805341,134,5,169,19
80623,NORTH POINT HIGH SCHOOL,2500 Davis Road,Waldorf,MD,20603,H,2010-2011,10-11,38.641421,-76.977075,1189,94,706,230
80503,PICCOWAXEN MIDDLE SCHOOL,12834 Rock Point Road,Newburg,MD,20664,M,2010-2011,10-11,38.3617928,-76.9413607,58,14,386,26
80708,ROBERT D. STETHEM EDUCATIONAL CENTER,7775 Marshall Corner Road,Pomfret,MD,20675,O,2010-2011,10-11,38.5703181,-77.0291001,55,0,16,4
80801,T. C. MARTIN ELEMENTARY SCHOOL,6315 Olivers Shop Road,Bryantown,MD,20617,E,2010-2011,10-11,38.5393903,-76.842783,109,20,376,35
80625,THEODORE G. DAVIS MIDDLE SCHOOL,2495 Davis Road,Waldorf,MD,20603,M,2010-2011,10-11,38.6439719,-76.9788876,695,61,251,129
80605,THOMAS STONE HIGH SCHOOL,3785 Leonardtown Road,Waldorf,MD,20601,H,2010-2011,10-11,38.6148411,-76.8869156,820,79,498,85
80105,WALTER J. MITCHELL ELEMENTARY,400 Willow Lane,La Plata,MD,20646,E,2010-2011,10-11,38.5194643,-76.9694544,95,19,466,50
80619,WESTLAKE HIGH SCHOOL,3300 Middletown Road,Waldorf,MD,20603,H,2010-2011,10-11,38.6237294,-76.9669182,1165,67,167,96
80624,WILLIAM A. DIGGS ELEMENTARY,2615 Davis Road,Waldorf,MD,20603,E,2010-2011,10-11,38.6356456,-76.9808578,618,75,240,122
80618,WILLIAM B. WADE ELEMENTARY SCHOOL,2300 Smallwood Drive West,Waldorf,MD,20603,E,2010-2011,10-11,38.6179674,-76.9467827,410,75,200,74
80612,ARTHUR MIDDLETON ELEMENTARY SCHOOL,1109 Copley Avenue,Waldorf,MD,20602,E,2011-2012,11-12,38.6025938,-76.921812,277,29,93,41
80613,BENJAMIN STODDERT MIDDLE SCHOOL,2040 St. Thomas Drive,Waldorf,MD,20602,M,2011-2012,11-12,38.6015661,-76.8975434,495,46,118,66
80622,BERRY ELEMENTARY SCHOOL,10155 Berry Road,Waldorf,MD,20603,E,2011-2012,11-12,38.647895,-76.9595649,512,45,102,105
80620,C. PAUL BARNHART ELEMENTARY SCHOOL,4800 Lancaster Circle,Waldorf,MD,20603,E,2011-2012,11-12,38.6244091,-76.9372322,405,71,58,57
80617,DANIEL OF ST. THOMAS JENIFER ELEMENTARY SCHOOL,2820 Jenifer School Lane,Waldorf,MD,20603,E,2011-2012,11-12,38.633889,-76.9276741,355,43,90,90
80611,DR. GUSTAVUS BROWN ELEMENTARY,421 University Drive,Waldorf,MD,20602,E,2011-2012,11-12,38.5947414,-76.9194692,260,30,74,52
80609,DR. JAMES CRAIK ELEMENTARY SCHOOL,7725 Marshall Corner Road,Pomfret,MD,20675,E,2011-2012,11-12,38.5690967,-77.0302076,96,26,339,57
80604,DR. SAMUEL A. MUDD ELEMENTARY SCHOOL,820 Stone Avenue,Waldorf,MD,20602,E,2011-2012,11-12,38.6081746,-76.9102497,257,46,58,49
80501,DR. THOMAS L. HIGDON ELEMENTARY,12872 Rock Point Road,Newburg,MD,20664,E,2011-2012,11-12,38.3595146,-76.9405281,63,13,313,32
80616,EVA TURNER ELEMENTARY SCHOOL,1000 Bannister Circle,Waldorf,MD,20602,E,2011-2012,11-12,38.5951194,-76.9035827,222,16,45,33
81001,GALE-BAILEY ELEMENTARY SCHOOL,4740 Pisgah-Marbury Road,Marbury,MD,20658,E,2011-2012,11-12,38.5609531,-77.1505342,163,0,219,40
80705,GENERAL SMALLWOOD MIDDLE SCHOOL,4990 Indian Head Highway,Indian Head,MD,20640,M,2011-2012,11-12,38.6028131,-77.1341113,228,7,216,20
81002,HENRY E. LACKEY HIGH SCHOOL,3000 Chicamuxen Road,Indian Head,MD,20640,H,2011-2012,11-12,38.5794444,-77.1276389,714,35,433,60
80710,INDIAN HEAD ELEMENTARY SCHOOL,4200 Indian Head Highway,Indian Head,MD,20640,E,2011-2012,11-12,38.6005716,-77.1663546,257,22,111,31
80703,J. C. PARKS ELEMENTARY SCHOOL,3505 Livingston Road,Indian Head,MD,20640,E,2011-2012,11-12,38.6148405,-77.074977,386,42,160,74
80608,JOHN HANSON MIDDLE SCHOOL,3165 John Hanson Drive,Waldorf,MD,20601,M,2011-2012,11-12,38.6242651,-76.8882182,418,38,286,60
80606,J. P. RYON ELEMENTARY SCHOOL,12140 Vivian Adams Drive,Waldorf,MD,20601,E,2011-2012,11-12,38.6222194,-76.8892106,305,44,79,46
80106,LA PLATA SCHOOL,6035 Radio Station Road,La Plata,MD,20646,H,2011-2012,11-12,38.5462317,-76.9502506,276,53,1011,103
80902,MALCOLM ELEMENTARY SCHOOL,14760 Poplar Hill Road,Waldorf,MD,20601,E,2011-2012,11-12,38.6167858,-76.7974684,155,19,265,41
80626,MARY B. NEAL ELEMENTARY SCHOOL,12105 St. Georges Drive,Waldorf,MD,20602,E,2011-2012,11-12,38.584929,-76.9031422,533,65,136,92
80109,MARY MATULA ELEMENTARY SCHOOL,6025 Radio Station Road,La Plata,MD,20646,E,2011-2012,11-12,38.5483416,-76.9560313,190,36,244,43
80621,MATTAWOMAN MIDDLE SCHOOL,10145 Berry Road,Waldorf,MD,20603,M,2011-2012,11-12,38.64663,-76.96077,710,45,109,95
80701,MATTHEW HENSON MIDDLE SCHOOL,3535 Livingston Road,Indian Head,MD,20640,M,2011-2012,11-12,38.6140072,-77.0769214,333,23,148,44
80108,MAURICE J. MCDONOUGH HIGH SCHOOL,7165 Marshall Corner Road,Pomfret,MD,20675,H,2011-2012,11-12,38.5557,-77.035146,646,65,434,81
80104,MILTON M. SOMERS MIDDLE SCHOOL,300 Willow Lane,La Plata,MD,20646,M,2011-2012,11-12,38.523887,-76.972715,228,35,505,83
80302,MT HOPE/NANJEMOY ELEMENTARY SCHOOL,9275 Ironsides Road,Nanjemoy,MD,20662,E,2011-2012,11-12,38.4581783,-77.1805341,129,4,183,22
80623,NORTH POINT HIGH SCHOOL,2500 Davis Road,Waldorf,MD,20603,H,2011-2012,11-12,38.641421,-76.977075,1222,102,652,234
80503,PICCOWAXEN MIDDLE SCHOOL,12834 Rock Point Road,Newburg,MD,20664,M,2011-2012,11-12,38.3617928,-76.9413607,51,16,360,26
80708,ROBERT D. STETHEM EDUCATIONAL CENTER,7775 Marshall Corner Road,Pomfret,MD,20675,O,2011-2012,11-12,38.5703181,-77.0291001,70,1,13,3
80801,T. C. MARTIN ELEMENTARY SCHOOL,6315 Olivers Shop Road,Bryantown,MD,20617,E,2011-2012,11-12,38.5393903,-76.842783,108,19,383,48
80625,THEODORE G. DAVIS MIDDLE SCHOOL,2495 Davis Road,Waldorf,MD,20603,M,2011-2012,11-12,38.6439719,-76.9788876,735,66,242,114
80605,THOMAS STONE HIGH SCHOOL,3785 Leonardtown Road,Waldorf,MD,20601,H,2011-2012,11-12,38.6148411,-76.8869156,790,83,460,77
80105,WALTER J. MITCHELL ELEMENTARY,400 Willow Lane,La Plata,MD,20646,E,2011-2012,11-12,38.5194643,-76.9694544,93,23,485,50
80619,WESTLAKE HIGH SCHOOL,3300 Middletown Road,Waldorf,MD,20603,H,2011-2012,11-12,38.6237294,-76.9669182,1206,72,169,127
80624,WILLIAM A. DIGGS ELEMENTARY,2615 Davis Road,Waldorf,MD,20603,E,2011-2012,11-12,38.6356456,-76.9808578,625,74,218,123
80618,WILLIAM B. WADE ELEMENTARY SCHOOL,2300 Smallwood Drive West,Waldorf,MD,20603,E,2011-2012,11-12,38.6179674,-76.9467827,404,74,204,99